/* Populate tabla clientes */

/* Update sequence, insert last id value  */
UPDATE hibernate_sequences SET next_val=45 WHERE sequence_name="default";

-- LANGUAGES
insert into language (id, version, code, image, name) values (1, 0, 'ES', 'http://dummyimage.com/116x168.png/dddddd/000000', 'Spanish');
insert into language (id, version, code, image, name) values (2, 0, 'EN', 'http://dummyimage.com/108x153.bmp/dddddd/000000', 'English');
insert into language (id, version, code, image, name) values (3, 0, 'IT', 'http://dummyimage.com/106x105.png/5fa2dd/ffffff', 'Italian');
insert into language (id, version, code, image, name) values (4, 0, 'FR', 'http://dummyimage.com/111x154.png/ff4444/ffffff', 'French');
insert into language (id, version, code, image, name) values (5, 0, 'DE', 'http://dummyimage.com/195x109.jpg/5fa2dd/ffffff', 'Deutsch');

-- USERS
INSERT INTO users (id, version, name, surname, country, city, email, personal_pic, profile_back_pic, about_me, birth_day, location, mother_tongue_id) VALUES (6, 0,'Kelvin', 'Raraty', 'Spain', 'Madrid', 'kraraty0@deliciousdays.com', 'http://zdnet.com', 'http://si.edu', 'Suspendisse potenti.', '2019/02/04', 'Phasellus in felis. Donec semper sapien a libero.', 1);
INSERT INTO users (id, version, name, surname, country, city, email, personal_pic, profile_back_pic, about_me, birth_day, location) VALUES (7, 0,'Dorie', 'Tarquini', 'Spain', 'Valladolid', 'dtarquini1@bloglines.com', 'http://reference.com', 'http://zimbio.com', 'Nulla suscipit ligula in lacus. Curabitur at ipsum ac tellus semper interdum. Mauris ullamcorper purus sit amet nulla. Quisque arcu libero, rutrum ac, lobortis vel, dapibus at, diam.', '2019/02/26', 'Duis aliquam convallis nunc. Proin at turpis a pede posuere nonummy.');
INSERT INTO users (id, version, name, surname, country, city, email, personal_pic, profile_back_pic, about_me, birth_day, location) VALUES (8, 0,'Leslie', 'Yanshinov', 'Spain', 'Valencia', 'lyanshinov2@blog.com', 'http://timesonline.co.uk', 'https://forbes.com', 'Vestibulum ante ipsum primis in faucibus orci luctus et ultrices posuere cubilia Curae; Nulla dapibus dolor vel est. Donec odio justo, sollicitudin ut, suscipit a, feugiat et, eros. Vestibulum ac est lacinia nisi venenatis tristique.', '2018/08/12', 'Nullam orci pede, venenatis non, sodales sed, tincidunt eu, felis. Fusce posuere felis sed lacus. Morbi sem mauris, laoreet ut, rhoncus aliquet, pulvinar sed, nisl. Nunc rhoncus dui vel sem. Sed sagittis.');
INSERT INTO users (id, version, name, surname, country, city, email, personal_pic, profile_back_pic, about_me, birth_day, location) VALUES (9, 0,'Hedwig', 'Vandenhoff', 'Spain', 'Telde', 'hvandenhoff3@umn.edu', 'https://engadget.com', 'https://tinyurl.com', 'Cras pellentesque volutpat dui.', '2018/10/25', 'Sed vel enim sit amet nunc viverra dapibus. Nulla suscipit ligula in lacus.');
INSERT INTO users (id, version, name, surname, country, city, email, personal_pic, profile_back_pic, about_me, birth_day, location) VALUES (10, 0,'Donaugh', 'Colbrun', 'Spain', 'Pamplona/Iruña', 'dcolbrun4@phpbb.com', 'http://istockphoto.com', 'https://github.io', 'Curabitur in libero ut massa volutpat convallis. Morbi odio odio, elementum eu, interdum eu, tincidunt in, leo. Maecenas pulvinar lobortis est.', '2018/05/13', 'Curabitur gravida nisi at nibh. In hac habitasse platea dictumst. Aliquam augue quam, sollicitudin vitae, consectetuer eget, rutrum at, lorem.');
INSERT INTO users (id, version, name, surname, country, city, email, personal_pic, profile_back_pic, about_me, birth_day, location) VALUES (11, 0,'Ivette', 'Tottie', 'Spain', 'Albacete', 'itottie5@hugedomains.com', 'http://cafepress.com', 'https://wordpress.org', 'Suspendisse accumsan tortor quis turpis. Sed ante.', '2018/07/08', 'Morbi a ipsum. Integer a nibh. In quis justo. Maecenas rhoncus aliquam lacus.');
INSERT INTO users (id, version, name, surname, country, city, email, personal_pic, profile_back_pic, about_me, birth_day, location) VALUES (12, 0,'Hilliard', 'Angrick', 'Spain', 'Toledo', 'hangrick6@blog.com', 'http://storify.com', 'http://cnn.com', 'Integer a nibh. In quis justo.', '2018/05/21', 'Cum sociis natoque penatibus et magnis dis parturient montes, nascetur ridiculus mus. Etiam vel augue. Vestibulum rutrum rutrum neque.');
INSERT INTO users (id, version, name, surname, country, city, email, personal_pic, profile_back_pic, about_me, birth_day, location) VALUES (13, 0,'Cindra', 'Coventry', 'Spain', 'Sant Cugat Del Valles', 'ccoventry7@pen.io', 'https://deviantart.com', 'http://theguardian.com', 'Nulla mollis molestie lorem.', '2018/08/06', 'Ut tellus. Nulla ut erat id mauris vulputate elementum. Nullam varius. Nulla facilisi.');
INSERT INTO users (id, version, name, surname, country, city, email, personal_pic, profile_back_pic, about_me, birth_day, location) VALUES (14, 0,'Shae', 'Schole', 'Spain', 'Barcelona', 'sschole8@dion.ne.jp', 'http://domainmarket.com', 'https://phoca.cz', 'Sed vel enim sit amet nunc viverra dapibus. Nulla suscipit ligula in lacus. Curabitur at ipsum ac tellus semper interdum. Mauris ullamcorper purus sit amet nulla.', '2018/08/01', 'Morbi sem mauris, laoreet ut, rhoncus aliquet, pulvinar sed, nisl. Nunc rhoncus dui vel sem. Sed sagittis.');
INSERT INTO users (id, version, name, surname, country, city, email, personal_pic, profile_back_pic, about_me, birth_day, location) VALUES (15, 0, 'Eva', 'Winfred', 'Spain', 'Pamplona/Iruña', 'ewinfred9@apache.org', 'http://wikia.com', 'http://netscape.com', 'Nullam varius.', '2018/07/21', 'Proin risus. Praesent lectus. Vestibulum quam sapien, varius ut, blandit non, interdum in, ante. Vestibulum ante ipsum primis in faucibus orci luctus et ultrices posuere cubilia Curae; Duis faucibus accumsan odio. Curabitur convallis.');


-- PAY_DATA
insert into pay_data (id, version, pay_type, title) values (16, 0, 'maestro', 'quis turpis eget elit sodales scelerisque mauris sit amet eros suspendisse accumsan tortor quis turpis sed');
insert into pay_data (id, version, pay_type, title) values (17, 0, 'switch', 'luctus et ultrices posuere cubilia curae mauris viverra diam vitae quam suspendisse potenti nullam porttitor lacus at turpis donec');
insert into pay_data (id, version, pay_type, title) values (18, 0, 'laser', 'lacinia eget tincidunt eget tempus vel pede morbi porttitor lorem id');
insert into pay_data (id, version, pay_type, title) values (19, 0, 'jcb', 'tristique est et tempus semper est quam pharetra magna ac consequat metus sapien ut nunc vestibulum ante ipsum primis in');
insert into pay_data (id, version, pay_type, title) values (20, 0, 'instapayment', 'vel ipsum praesent blandit lacinia erat vestibulum sed magna at nunc commodo placerat praesent blandit nam');
insert into pay_data (id, version, pay_type, title) values (21, 0, 'maestro', 'in lectus pellentesque at nulla suspendisse potenti cras in purus eu magna');
insert into pay_data (id, version, pay_type, title) values (22, 0, 'maestro', 'amet sapien dignissim vestibulum vestibulum ante ipsum primis in faucibus orci luctus et ultrices posuere cubilia curae nulla dapibus');
insert into pay_data (id, version, pay_type, title) values (23, 0, 'diners-club-enroute', 'justo etiam pretium iaculis justo in hac habitasse platea dictumst etiam faucibus cursus');
insert into pay_data (id, version, pay_type, title) values (24, 0, 'visa', 'dolor sit amet consectetuer adipiscing elit proin interdum mauris non ligula pellentesque ultrices');
insert into pay_data (id, version, pay_type, title) values (25, 0, 'laser', 'aenean fermentum donec ut mauris eget massa tempor convallis nulla neque');

-- SUBSCRIPTION_DATA
insert into subscription_data (id, version, init_moment, price, subscription_type, paydata_id) values (26, 0, '2018-09-25 09:05:03', 62.25, 2, 16);
insert into subscription_data (id, version, init_moment, price, subscription_type, paydata_id) values (27, 0, '2018-04-28 22:33:31', 99.95, 2, 17);
insert into subscription_data (id, version, init_moment, price, subscription_type, paydata_id) values (28, 0, '2019-01-12 08:45:22', 36.58, 1, 18);
insert into subscription_data (id, version, init_moment, price, subscription_type, paydata_id) values (29, 0, '2018-06-30 01:20:01', 84.87, 3, 19);
insert into subscription_data (id, version, init_moment, price, subscription_type, paydata_id) values (30, 0, '2018-06-27 09:11:26', 57.83, 2, 20);
insert into subscription_data (id, version, init_moment, price, subscription_type, paydata_id) values (31, 0, '2018-11-09 23:38:08', 5.32, 1, 21);
insert into subscription_data (id, version, init_moment, price, subscription_type, paydata_id) values (32, 0, '2018-05-12 14:02:07', 67.2, 2, 22);
insert into subscription_data (id, version, init_moment, price, subscription_type, paydata_id) values (33, 0, '2018-07-16 05:29:01', 30.81, 3, 23);
insert into subscription_data (id, version, init_moment, price, subscription_type, paydata_id) values (34, 0, '2018-10-08 15:27:34', 31.39, 2, 24);
insert into subscription_data (id, version, init_moment, price, subscription_type, paydata_id) values (35, 0, '2018-09-02 11:37:09', 27.92, 1, 25);

-- ESTABLISHMENT
insert into establishment (id, version, name, surname, country, city, email, establishment_name, description, address, image_profile, subscription_id) values (36, 0, 'Jacky', 'Gaynor', 'China', 'Zekou', 'jgaynor0@sogou.com', 'Flatley Group', 'mauris morbi non lectus aliquam sit amet diam in magna bibendum imperdiet nullam orci pede venenatis non', '257 Independence Trail', 'http://dummyimage.com/145x169.png/cc0000/ffffff', 26);
insert into establishment (id, version, name, surname, country, city, email, establishment_name, description, address, image_profile, subscription_id) values (37, 0, 'Hyacinth', 'Winchurst', 'Argentina', 'Pergamino', 'hwinchurst1@engadget.com', 'Considine, Lockman and Hettinger', 'lectus pellentesque eget nunc donec quis orci eget orci vehicula condimentum curabitur', '11322 Springs Lane', 'http://dummyimage.com/105x123.png/cc0000/ffffff', 27);
insert into establishment (id, version, name, surname, country, city, email, establishment_name, description, address, image_profile, subscription_id) values (38, 0, 'Aguste', 'Crossthwaite', 'Philippines', 'Lapuz', 'acrossthwaite2@tinyurl.com', 'Fadel-Pacocha', 'habitasse platea dictumst maecenas ut massa quis augue luctus tincidunt nulla mollis molestie lorem quisque ut', '45580 Scofield Trail', 'http://dummyimage.com/107x109.bmp/cc0000/ffffff', 28);
insert into establishment (id, version, name, surname, country, city, email, establishment_name, description, address, image_profile, subscription_id) values (39, 0, 'Riki', 'Bolderson', 'Albania', 'Roshnik', 'rbolderson3@delicious.com', 'Blanda, Gleichner and Connelly', 'natoque penatibus et magnis dis parturient montes nascetur ridiculus mus vivamus vestibulum sagittis sapien cum sociis', '767 Anhalt Place', 'http://dummyimage.com/244x105.png/5fa2dd/ffffff', 29);
insert into establishment (id, version, name, surname, country, city, email, establishment_name, description, address, image_profile, subscription_id) values (40, 0, 'Kristal', 'Eisikowitch', 'Russia', 'Lesnoy', 'keisikowitch4@netscape.com', 'Skiles, Johns and Schuppe', 'nam nulla integer pede justo lacinia eget tincidunt eget tempus vel pede morbi porttitor lorem id', '3 Petterle Park', 'http://dummyimage.com/220x234.bmp/cc0000/ffffff', 30);
insert into establishment (id, version, name, surname, country, city, email, establishment_name, description, address, image_profile, subscription_id) values (41, 0, 'Lynna', 'Zottoli', 'Nepal', 'Besisahar', 'lzottoli5@yellowpages.com', 'Langworth-O''Connell', 'at vulputate vitae nisl aenean lectus pellentesque eget nunc donec quis', '23 Di Loreto Pass', 'http://dummyimage.com/100x144.png/cc0000/ffffff', 31);
insert into establishment (id, version, name, surname, country, city, email, establishment_name, description, address, image_profile, subscription_id) values (42, 0, 'Edi', 'Radnage', 'Sweden', 'Tingsryd', 'eradnage6@tumblr.com', 'Johns-Boyer', 'elementum eu interdum eu tincidunt in leo maecenas pulvinar lobortis est phasellus sit', '37 Stone Corner Pass', 'http://dummyimage.com/176x168.bmp/dddddd/000000', 32);
insert into establishment (id, version, name, surname, country, city, email, establishment_name, description, address, image_profile, subscription_id) values (33, 0, 'Fitz', 'MacMeeking', 'China', 'Badaogu', 'fmacmeeking7@reverbnation.com', 'Skiles LLC', 'vestibulum eget vulputate ut ultrices vel augue vestibulum ante ipsum primis in faucibus orci luctus', '18371 John Wall Alley', 'http://dummyimage.com/175x246.jpg/ff4444/ffffff', 33);
insert into establishment (id, version, name, surname, country, city, email, establishment_name, description, address, image_profile, subscription_id) values (34, 0, 'Kendra', 'Giovannini', 'Brazil', 'Cataguases', 'kgiovannini8@businessinsider.com', 'Champlin, Hansen and Crona', 'faucibus accumsan odio curabitur convallis duis consequat dui nec nisi', '2 Badeau Lane', 'http://dummyimage.com/139x120.png/cc0000/ffffff', 34);
insert into establishment (id, version, name, surname, country, city, email, establishment_name, description, address, image_profile, subscription_id) values (35, 0, 'Berget', 'Knagges', 'Thailand', 'Phayuha Khiri', 'bknagges9@hud.gov', 'Schmidt, Hagenes and Graham', 'eget eleifend luctus ultricies eu nibh quisque id justo sit amet sapien dignissim', '49 Holmberg Hill', 'http://dummyimage.com/239x235.bmp/ff4444/ffffff', 35);

